ProductID,URL,Title,Selling Price,MRP,Discount,Rating,Category
B085194JFL,https://www.amazon.in/dp/B085194JFL?th=1&psc=1&language=en_IN,"AirCase Tizum Hdmi to Vga Adapter/Connector/Converter Cable 1080P (Male to Female) for Media Players, Xbox, Projector, Computer, Laptop, Tv & More | Full Hd Resolution | Compact Design | Black",322,499,35,4,Computers & Accessories
B09L8DSSFH,https://www.amazon.in/dp/B09L8DSSFH?th=1&psc=1&language=en_IN,"7SEVEN® Compatible with Samsung Smart 4K Tv Remote Led UHD QLED Television and Monitor Suitable for Frame Ultra 6 7 8 Series with Hot Keys BN59 Model Without Voice Command, AA Battery",369,999,63,4,Electronics
B01N90RZ4M,https://www.amazon.in/dp/B01N90RZ4M?th=1&psc=1&language=en_IN,Tata Sky Universal Remote Fully Compatible,,,,3,Electronics
B07B275VN9,https://www.amazon.in/dp/B07B275VN9?th=1&psc=1&language=en_IN,"Airtel DigitalTV DTH Television, Setup Box Remote Compatible for SD and HD Recording (Black)",140,299,53,4,Electronics
B0141EZMAI,https://www.amazon.in/dp/B0141EZMAI?th=1&psc=1&language=en_IN,"AirCase USB WiFi Adapter for PC, 150 Mbps Wireless Network Adapter for Desktop - Nano Size WiFi Dongle Compatible with Windows, Mac OS & Linux Kernel | WPA/WPA2 Encryption Standards| Black",,,,4,Computers & Accessories
B093QCY6YJ,https://www.amazon.in/dp/B093QCY6YJ?th=1&psc=1&language=en_IN,"ZEBRONICS ZEB-USB150WF1 WiFi USB Mini Adapter Supports 150 Mbps Wireless Data, Comes with Advanced Security WPA/WPA2 encryption Standards",239,499,52,4,Computers & Accessories
B093ZNQZ2Y,https://www.amazon.in/dp/B093ZNQZ2Y?th=1&psc=1&language=en_IN,"LOHAYA Remote Compatible for Mi Smart LED TV 4A Remote Control (32""/43"") [ Compatible for Mi TV Remote Control ]",249,799,69,4,Electronics
B08LKS3LSP,https://www.amazon.in/dp/B08LKS3LSP?th=1&psc=1&language=en_IN,"Gilary Multi Charging Cable, 3 in 1 Nylon Braided Fast Charging Cable for iPhone Micro USB Type C Mobile Phone | Colour may vary |",,,,4,Computers & Accessories
B09DDCQFMT,https://www.amazon.in/dp/B09DDCQFMT?th=1&psc=1&language=en_IN,Electvision Remote Compatible with Amazon fire Stick Remote only [2nd Generation ][ Fire TV Remote ] [ Fire Stick Remote ] [ Firestick Remote ] [ fire tv Stick Remote ],,,,3,Electronics
B0B21C4BMX,https://www.amazon.in/dp/B0B21C4BMX?th=1&psc=1&language=en_IN,"Portronics Konnect Spydr 31 3-in-1 Multi Functional Cable with 3.0A Total Output, Tangle Resistant, 1.2M Length, Nylon Braided(Zebra)",,,,4,Computers & Accessories
B0BHZCNC4P,https://www.amazon.in/dp/B0BHZCNC4P?th=1&psc=1&language=en_IN,Basesailor Remote Control for FlRE Tv Stick Remote Control 3rd Gen only (Not Compatible for Fire TV Edition Smart TV),,,,4,Electronics
B00RFWNJMC,https://www.amazon.in/dp/B00RFWNJMC?th=1&psc=1&language=en_IN,Airtel DigitalTV DTH Remote SD/HD/HD Recording Compatible for Television (Shining Black ),,,,4,Electronics
B09LHXNZLR,https://www.amazon.in/dp/B09LHXNZLR?th=1&psc=1&language=en_IN,"Skadioo WiFi Adapter for pc | Car Accessories, WiFi Dongle for pc | USB | Wi-Fi Receiver 2.4GHz, 802.11b/g/n UNano Size Compatible Adapter,WiFi dongle for pc",,,,4,Computers & Accessories
B09L8DT7D6,https://www.amazon.in/dp/B09L8DT7D6?th=1&psc=1&language=en_IN,"Sony TV - Remote Compatible for Sony LED Remote Control Works with Sony LED TV by Trend Trail,Black",,,,4,Electronics
B08GJNM9N7,https://www.amazon.in/dp/B08GJNM9N7?th=1&psc=1&language=en_IN,LOHAYA Television Remote Compatible for VU LED LCD HD Tv Remote Control Model No :- EN2B27V,299,1,75,3,Electronics
B00GGGOYEK,https://www.amazon.in/dp/B00GGGOYEK?th=1&psc=1&language=en_IN,"Storite 35Cm Usb 2.0 A To Mini 5 Pin B Cable For External Hdds/Camera/Card Readers, Black",258,699,63,4,Computers & Accessories
B095244Q22,https://www.amazon.in/dp/B095244Q22?th=1&psc=1&language=en_IN,"MYVN USB-A to Lightning Charging Cable Cord & Data Sync USB Cable (1 Metre) Compatible for iPhone 13, 12,11, X, 8, 7, 6, 5, iPad Air, Pro, Mini & iOS Devices",211,999,79,4,Computers & Accessories
B08CKW1KH9,https://www.amazon.in/dp/B08CKW1KH9?th=1&psc=1&language=en_IN,Tata Sky Universal Remote Compatible for SD/HD,240,399,40,4,Electronics
B0841KQR1Z,https://www.amazon.in/dp/B0841KQR1Z?th=1&psc=1&language=en_IN,Crypo™ Universal Remote Compatible with Tata Play Universal HD & SD Set top Box (Also Works with All TV),,,,4,Electronics
B09127FZCK,https://www.amazon.in/dp/B09127FZCK?th=1&psc=1&language=en_IN,Astigo Compatible Remote for Airtel Digital Set Top Box (Pairing Required with TV Remote),309,899,66,4,Electronics
B09H39KTTB,https://www.amazon.in/dp/B09H39KTTB?th=1&psc=1&language=en_IN,VOLTONIX Remote Compatible for Samsung LCD/LED Remote Control Works with Samsung LED/LCD TV,229,499,54,4,Electronics
B098TV3L96,https://www.amazon.in/dp/B098TV3L96?th=1&psc=1&language=en_IN,"Electvision® Remote Control for led Smart tv Compatible with VU Smart Led (Without Voice), Black",375,499,25,4,Electronics
B09B125CFJ,https://www.amazon.in/dp/B09B125CFJ?th=1&psc=1&language=en_IN,7SEVEN® Compatible with Mi tv Remote Control Suitable for Xiaomi Redmi Smart Android 4K LED 4A Model 32 43 55 65 inches Television Without Voice Command - Match Keys Exactly with Existing Mi Remote,249,799,69,4,Electronics
B09RQRZW2X,https://www.amazon.in/dp/B09RQRZW2X?th=1&psc=1&language=en_IN,7SEVEN® Compatible with Vu Smart Tv Remote Control Suitable for Original 4K Android LED Ultra HD UHD Vu Tv Remote with Non Voice Feature Without Google Assistant,369,899,59,4,Electronics
B07VVXJ2P5,https://www.amazon.in/dp/B07VVXJ2P5?th=1&psc=1&language=en_IN,SVM Products ABS Plastic Unbreakable Set Top Box Stand With Dual Remote Holder (Black),,,,4,Electronics
B09LRZYBH1,https://www.amazon.in/dp/B09LRZYBH1?th=1&psc=1&language=en_IN,"Krisons Thunder Speaker, Multimedia Home Theatre, Floor Standing Speaker, LED Display with Bluetooth, FM, USB, Micro SD Card, AUX Connectivity",,3,40,4,Electronics
B09VH568H7,https://www.amazon.in/dp/B09VH568H7?th=1&psc=1&language=en_IN,"Amazon Brand - Solimo 3A Fast Charging Tough Type C USB Data Cable for Smartphone - 1 Meter, White",,,,4,Computers & Accessories
B08TZD7FQN,https://www.amazon.in/dp/B08TZD7FQN?th=1&psc=1&language=en_IN,"astigo Remote Compatible for Mi tv Remote 4A (43""/32"") Black",301,899,67,4,Electronics
B0941392C8,https://www.amazon.in/dp/B0941392C8?th=1&psc=1&language=en_IN,"Lava Charging Adapter Elements D3 2A Fast Charging Speed Usb Type C Data Cable, White",,,,4,Computers & Accessories
B08BG4M4N7,https://www.amazon.in/dp/B08BG4M4N7?th=1&psc=1&language=en_IN,"LUNAGARIYA®, Protective Case for Airtel Xstream settop Box Remote Remote Control Pouch Cover Holder PU Leather Cover Holder(only Cover for Selling Purpose)",,,,4,Electronics
B08PKBMJKS,https://www.amazon.in/dp/B08PKBMJKS?th=1&psc=1&language=en_IN,"Airtel DigitalTV HD SETUP BOX REMOTE for TV,BLACK",,,,4,Electronics
B08ZN4B121,https://www.amazon.in/dp/B08ZN4B121?th=1&psc=1&language=en_IN,"WeCool Bluetooth Extendable Selfie Sticks with Wireless Remote and Tripod Stand, 3-in-1 Multifunctional Selfie Stick with Tripod Stand Compatible with iPhone/OnePlus/Samsung/Oppo/Vivo and All Phones",399,1,75,4,Electronics
B08D75R3Z1,https://www.amazon.in/dp/B08D75R3Z1?th=1&psc=1&language=en_IN,"pTron Boom Ultima 4D Dual Driver, in Ear Gaming Wired Headphones with in-Line Mic, Volume Control & Passive Noise Cancelling Boom 3 Earphones - (Dark Blue)",299,1,84,4,Electronics
B092JHPL72,https://www.amazon.in/dp/B092JHPL72?th=1&psc=1&language=en_IN,"SWAPKART Flexible Mobile Tabletop Stand, Metal Built, Heavy Duty Foldable Lazy Bracket Clip Mount Multi Angle Clamp for All Smartphones (Pack of 1), Multi Color",251,1,87,4,Electronics
B08K4PSZ3V,https://www.amazon.in/dp/B08K4PSZ3V?th=1&psc=1&language=en_IN,"Tukzer Universal Stylus Pen for Smartphone/Tablet/iPad/Pro/Air/iPhone/iOS/Android/All Touch Screens Devices| Fine Point Disc Tip, Lightweight Aluminum Body Magnetic Cap Drawing Writing (Grey)",259,999,74,4,Electronics
B08K4RDQ71,https://www.amazon.in/dp/B08K4RDQ71?th=1&psc=1&language=en_IN,"Tukzer Universal Stylus Pen for Smartphone/Tablet/iPad/Pro/Air/iPhone/iOS/Android/All Touch Screens Devices| Fine Point Disc Tip, Lightweight Aluminum Body Magnetic Cap Drawing Writing (White)",259,999,74,4,Electronics
B0B3DV7S9B,https://www.amazon.in/dp/B0B3DV7S9B?th=1&psc=1&language=en_IN,"EN LIGNE Adjustable Tabletop Cell Phone Stand, Foldable Portable Phone Stand Phone Holder for Desk, Desktop Tablet Stand Compatible with Mobile Phone/iPad/Tablet (Black)",299,499,40,4,Computers & Accessories
B0B54Y2SNX,https://www.amazon.in/dp/B0B54Y2SNX?th=1&psc=1&language=en_IN,,,,,0,
B09BF8JBWX,https://www.amazon.in/dp/B09BF8JBWX?th=1&psc=1&language=en_IN,Lava A1 Josh (with BOL Feature) Dual Sim Keypad Mobile Phone | Long-Lasting Battery |22 Launguages Read Support | Auto Call Recording | Call Blink Notification (Blue Silver),948,1,32,4,Electronics
B0B298D54H,https://www.amazon.in/dp/B0B298D54H?th=1&psc=1&language=en_IN,Prolet Classic Bumper Case Cover for Samsung Galaxy Watch 4 44mm TPU Plated Full Screen Protector (Black),239,999,76,4,Electronics
B09CTRPSJR,https://www.amazon.in/dp/B09CTRPSJR?th=1&psc=1&language=en_IN,"Storio Kids Toys LCD Writing Tablet 8.5Inch E-Note Pad Best Birthday Gift for Girls Boys, Multicolor",177,252,30,4,Toys & Games
B08FTFXNNB,https://www.amazon.in/dp/B08FTFXNNB?th=1&psc=1&language=en_IN,"HP w100 480P 30 FPS Digital Webcam with Built-in Mic, Plug and Play Setup, Wide-Angle View for Video Calling on Skype, Zoom, Microsoft Teams and Other Apps (Black)",,2,1,4,Computers & Accessories
B08MCD9JFY,https://www.amazon.in/dp/B08MCD9JFY?th=1&psc=1&language=en_IN,"Tygot 10 Inches Big LED Ring Light for Camera, Phone tiktok YouTube Video Shooting and Makeup, 10"" inch Ring Light with 7 Feet Long Foldable and Lightweight Tripod Stand",549,1,73,4,Electronics
B079Y6JZC8,https://www.amazon.in/dp/B079Y6JZC8?th=1&psc=1&language=en_IN,"ZEBRONICS Zeb-Comfort Wired USB Mouse, 3-Button, 1000 DPI Optical Sensor, Plug & Play, for Windows/Mac, Black",99,199,50,4,Computers & Accessories
B08CF4SCNP,https://www.amazon.in/dp/B08CF4SCNP?th=1&psc=1&language=en_IN,"Quantum QHM-7406 Full-Sized Keyboard with (₹) Rupee Symbol, Hotkeys and 3-pieces LED function for Desktop/Laptop/Smart TV Spill-Resistant Wired USB Keyboard with 10 million keystrokes lifespan (Black)",,,,4,Computers & Accessories
B09PL79D2X,https://www.amazon.in/dp/B09PL79D2X?th=1&psc=1&language=en_IN,"boAt Airdopes 181 in-Ear True Wireless Earbuds with ENx Tech, Beast Mode(Low Latency Upto 60ms) for Gaming, with Mic, ASAP Charge, 20H Playtime, Bluetooth v5.2, IPX4 & IWP (Cool Grey)",,,,4,Electronics
B08TDJNM3G,https://www.amazon.in/dp/B08TDJNM3G?th=1&psc=1&language=en_IN,"E-COSMOS Plastic Plug in LED Night Light Mini USB LED Light Flexible USB LED Ambient Light Mini USB LED Light, LED Portable Car Bulb, Indoor, Outdoor, Reading, Sleep (4 Pcs),Multicolour",148,199,26,4,Computers & Accessories
B085194JFL,https://www.amazon.in/dp/B085194JFL?th=1&psc=1&language=en_IN,"AirCase Tizum Hdmi to Vga Adapter/Connector/Converter Cable 1080P (Male to Female) for Media Players, Xbox, Projector, Computer, Laptop, Tv & More | Full Hd Resolution | Compact Design | Black",322,499,35,4,Computers & Accessories
B08K4PSZ3V,https://www.amazon.in/dp/B08K4PSZ3V?th=1&psc=1&language=en_IN,"Tukzer Universal Stylus Pen for Smartphone/Tablet/iPad/Pro/Air/iPhone/iOS/Android/All Touch Screens Devices| Fine Point Disc Tip, Lightweight Aluminum Body Magnetic Cap Drawing Writing (Grey)",259,999,74,4,Electronics
B09P564ZTJ,https://www.amazon.in/dp/B09P564ZTJ?th=1&psc=1&language=en_IN,"Wembley LCD Writing Pad/Tab | Writing, Drawing, Reusable, Portable Pad with Colorful Letters | 9 Inch Graphic Tablet (Assorted Dinosaur)",749,1,53,4,Toys & Games
B07MSLTW8Z,https://www.amazon.in/dp/B07MSLTW8Z?th=1&psc=1&language=en_IN,"Gizga Essentials Foldable Laptop and Study Table for Student and Kids with Cup, Tablet and Mac Holder |Office Table | Bed Table| Breakfast Table, Portable/Ergonomic & Round Edges/Non-Slip Legs, Black",,,,4,Computers & Accessories
B098R25TGC,https://www.amazon.in/dp/B098R25TGC?th=1&psc=1&language=en_IN,Noise Buds VS201 V2 in-Ear Truly Wireless Earbuds with Dual Equalizer | with Mic | Total 14-Hour Playtime | Full Touch Control | IPX5 Water Resistance and Bluetooth v5.1 (Olive Green),,,,4,Electronics
B07JF9B592,https://www.amazon.in/dp/B07JF9B592?th=1&psc=1&language=en_IN,Maono AU-400 Lavalier Microphone (Black),,,,4,Musical Instruments
B09GFWJDY1,https://www.amazon.in/dp/B09GFWJDY1?th=1&psc=1&language=en_IN,"ZEBRONICS Zeb-Evolve Wireless in Ear Neckband Earphone with Supporting Bluetooth v5.0, Voice Assistant, Rapid Charge, Call Function & Magnetic Earpiece, with mic (Metallic Blue)",,,,4,Electronics
B08KHM9VBJ,https://www.amazon.in/dp/B08KHM9VBJ?th=1&psc=1&language=en_IN,"Airtel DigitalTV AMF-311WW Data Card Single_Band 150 Mbps (Black), 4g Hotspot Support with 2300 Mah Battery",,,,4,Computers & Accessories
B09SGGRKV8,https://www.amazon.in/dp/B09SGGRKV8?th=1&psc=1&language=en_IN,"Zebronics Zeb-Buds 30 3.5Mm Stereo Wired in Ear Earphones with Mic for Calling, Volume Control, Multifunction Button, 14Mm Drivers, Stylish Eartip,1.2 Meter Durable Cable and Lightweight Design(Red)",199,499,60,4,Electronics
B09X76VL5L,https://www.amazon.in/dp/B09X76VL5L?th=1&psc=1&language=en_IN,"boAt Airdopes 191G True Wireless In Ear Earbuds with ENx Tech Equipped Quad Mics, Beast Mode(Low Latency- 65ms) for Gaming, 2x6mm Dual Drivers, 30H Playtime, IPX5, IWP, Appealing Case LEDs(Sport Blue)",,,,4,Electronics
B09NNHFSSF,https://www.amazon.in/dp/B09NNHFSSF?th=1&psc=1&language=en_IN,"CP PLUS 2MP Full HD Smart Wi-fi CCTV Home Security Camera | 360° with Pan Tilt | 2Way Talk | Cloud Monitor | Motion Detect | Night Vision | Supports SD Card (Upto 128 GB), Alexa & Ok Google | CP-E21A",,5,74,4,Electronics
B09YLFHFDW,https://www.amazon.in/dp/B09YLFHFDW?th=1&psc=1&language=en_IN,"Sony WI-C100 Wireless Headphones with Customizable Equalizer for Deep Bass & 25 Hrs Battery, DSEE-Upscale, Splash Proof, 360RA, Fast Pair, in-Ear Bluetooth Headset with mic for Phone Calls (Black)",,2,46,4,Electronics
B0814ZY6FP,https://www.amazon.in/dp/B0814ZY6FP?th=1&psc=1&language=en_IN,"Zebronics ZEB-VITA Wireless Bluetooth 10W Portable Bar Speaker With Supporting USB, SD Card, AUX, FM, TWS & Call Function (Black)",899,1,55,4,Electronics
B07GLNJC25,https://www.amazon.in/dp/B07GLNJC25?th=1&psc=1&language=en_IN,"ZEBRONICS Zeb-100HB 4 Ports USB Hub for Laptop, PC Computers, Plug & Play, Backward Compatible - Black",489,1,76,4,Computers & Accessories
B08X77LM8C,https://www.amazon.in/dp/B08X77LM8C?th=1&psc=1&language=en_IN,"Silicone Rubber Earbuds Tips, Eartips, Earpads, Earplugs, for Replacement in Earphones and Bluetooth Medium Size (10 Pcs Black)",199,999,80,4,Electronics
B07L1N3TJX,https://www.amazon.in/dp/B07L1N3TJX?th=1&psc=1&language=en_IN,"Artis AR-45W-MG2 45 Watts MG2 Laptop Adapter/Charger Compatible with MB Air 13” & MB Air 11” (14.5 V, 3.1 A) Connector: MG2 (T Tip Connector)",,3,51,3,Computers & Accessories
B08TDJ5BVF,https://www.amazon.in/dp/B08TDJ5BVF?th=1&psc=1&language=en_IN,"E-COSMOS 5V 1.2W Portable Flexible USB LED Light (Colours May Vary, Small, EC-POF1, Plastic), Corded Electric",,,,4,Computers & Accessories
B00URH5E34,https://www.amazon.in/dp/B00URH5E34?th=1&psc=1&language=en_IN,,,,,0,
B08S74GTBT,https://www.amazon.in/dp/B08S74GTBT?th=1&psc=1&language=en_IN,"Zebronics Astra 10 Portable Wireless BT v5.0 Speaker, 10W RMS Power, 15* Hours Backup, 2.25"" Drive Size, up to 6.4"" Mobile Holder Support, Carry Handle, USB, mSD, AUX Input and FM Radio, Grey",,,,4,Electronics
B0141EZMAI,https://www.amazon.in/dp/B0141EZMAI?th=1&psc=1&language=en_IN,"AirCase USB WiFi Adapter for PC, 150 Mbps Wireless Network Adapter for Desktop - Nano Size WiFi Dongle Compatible with Windows, Mac OS & Linux Kernel | WPA/WPA2 Encryption Standards| Black",,,,4,Computers & Accessories
B00H47GVGY,https://www.amazon.in/dp/B00H47GVGY?th=1&psc=1&language=en_IN,"USHA Quartz Room Heater with Overheating Protection (3002, Ivory, 800 Watts)",,1,32,3,Home & Kitchen
B0B61DSF17,https://www.amazon.in/dp/B0B61DSF17?th=1&psc=1&language=en_IN,beatXP Kitchen Scale Multipurpose Portable Electronic Digital Weighing Scale | Weight Machine With Back Light LCD Display | White | 10 Kg | 2 Year Warranty,299,1,85,4,Home & Kitchen
B00NW4UWN6,https://www.amazon.in/dp/B00NW4UWN6?th=1&psc=1&language=en_IN,Prestige PKGSS 1.7L 1500W Electric Kettle (Stainless Steel),799,1,48,4,Home & Kitchen
B096YCN3SD,https://www.amazon.in/dp/B096YCN3SD?th=1&psc=1&language=en_IN,"Lifelong ISI Certified Electric Kettle 1.5L with Stainless Steel Body, Easy and Fast Boiling of Water for Instant Noodles, Soup, Tea etc. (1 Year Manufacturer's Warranty, Silver, LLEK15) 1500 W",499,1,50,4,Home & Kitchen
B09LQH3SD9,https://www.amazon.in/dp/B09LQH3SD9?th=1&psc=1&language=en_IN,"Lifelong Regalia 800 Watts Quartz Room Heater for Home with 2 Power settings, ISI Certified, 2 Rod Heater for Room |Cord Length 1.5 Meter| 1 Year Manufacturer's Warranty (LLQH922, White)",,,,4,Home & Kitchen
B09Y5FZK9N,https://www.amazon.in/dp/B09Y5FZK9N?th=1&psc=1&language=en_IN,"Pigeon 1.5 litre Hot Kettle and Stainless Steel Water Bottle Combo used for boiling Water, Making Tea and Coffee, Instant Noodles, Soup with Auto Shut- off Feature",649,1,58,4,Home & Kitchen
B078KRFWQB,https://www.amazon.in/dp/B078KRFWQB?th=1&psc=1&language=en_IN,"Havells Cista Room Heater, White, 2000 Watts",,3,47,4,Home & Kitchen
B0832W3B7Q,https://www.amazon.in/dp/B0832W3B7Q?th=1&psc=1&language=en_IN,"Pigeon By Stovekraft 14429 Acer Plus 1800 Watt Induction Cooktop with Feather Touch Control, Induction Stove comes with 8 Preset Menus and Auto-Shut Off features (Black)",,3,56,4,Home & Kitchen
B0BGPN4GGH,https://www.amazon.in/dp/B0BGPN4GGH?th=1&psc=1&language=en_IN,"Lifelong Dyno 800 Watts Quartz Room Heater for Home with 2 Power settings, ISI Certified, 2 Rod Heater for Room |Cord Length 1.5 Meter| 1 Year Manufacturer's Warranty (LLQH925, Grey)",799,2,67,4,Home & Kitchen
B09LV1CMGH,https://www.amazon.in/dp/B09LV1CMGH?th=1&psc=1&language=en_IN,"Lifelong 2000 Watt Room Heater for Home with 3 Air Setting & ISI Certified, Portable Electric Blower Heater, Room Heater for Bedroom & Office - 1 Year Manufacturer's Warranty (LLFH921, White)",,2,47,4,Home & Kitchen
B08CFJBZRK,https://www.amazon.in/dp/B08CFJBZRK?th=1&psc=1&language=en_IN,Prestige IRIS Plus 750 watt mixer grinder with Jar,,6,49,4,Home & Kitchen
B00KRCBA6E,https://www.amazon.in/dp/B00KRCBA6E?th=1&psc=1&language=en_IN,Maharaja Whiteline Lava Neo 1200-Watts Halogen Heater (White and Red),,3,41,4,Home & Kitchen
B009P2LK80,https://www.amazon.in/dp/B009P2LK80?th=1&psc=1&language=en_IN,"Bajaj Deluxe 2000 Watts Halogen Room Heater (ISI Approved), Multicolor",,1,4,4,Home & Kitchen
B091V8HK8Z,https://www.amazon.in/dp/B091V8HK8Z?th=1&psc=1&language=en_IN,"Milton Euroline Go Electro 2.0 Stainless Steel Electric Kettle, 1 Piece, 2 Litre, Silver, Power Indicator, 1350 Watts, Auto Cut-off, Detachable 360 Degree Connector, Boiler for Water, Instant Noodles",799,1,50,4,Home & Kitchen
B08MVSGXMY,https://www.amazon.in/dp/B08MVSGXMY?th=1&psc=1&language=en_IN,Crompton Insta Comfy 800 Watt Room Heater with 2 Heat Settings(Grey Blue),,2,55,4,Home & Kitchen
B00H0B29DI,https://www.amazon.in/dp/B00H0B29DI?th=1&psc=1&language=en_IN,USHA Heat Convector 812 T 2000-Watt with Instant Heating Feature Room Heater(Black),,2,26,4,Home & Kitchen
B09GYBZPHF,https://www.amazon.in/dp/B09GYBZPHF?th=1&psc=1&language=en_IN,"Lifelong Mixer Grinder for Kitchen - 2 Jars 500 Watt - Mixie with Mini Jar for Chutney & Liquidizing Jar used as Wet Grinder & Blender for Milkshake, Smoothie, Puree -Stainless Steel Blades (LLMG93)",,2,56,4,Home & Kitchen
B0BN2576GQ,https://www.amazon.in/dp/B0BN2576GQ?th=1&psc=1&language=en_IN,"Nova Lint remover for Woolen Clothes, Electric Lint Roller, Best Lint Shaver for Clothes lint Roller lint Roller for clothes nova lint Roller for clothes lint roller lint shaver electric fabric shaver",299,999,70,4,Home & Kitchen
B0B2CZTCL2,https://www.amazon.in/dp/B0B2CZTCL2?th=1&psc=1&language=en_IN,"Wipro Elato 1.8 Litre Cool Touch Electric Kettle With Auto Cut Off|Double Layer Outer Body|Triple Protection-Dry Boil,Steam&Over Heat|Stainless Steel Inner Body|(Black,1500 Watt)1.8 Liter,1500 Watt",,1,28,4,Home & Kitchen
B0B5KZ3C53,https://www.amazon.in/dp/B0B5KZ3C53?th=1&psc=1&language=en_IN,"KENT Kettle Multicooker Cum Steamer 1.2 liters 800W| Boiling of Water, Tea,Eggs, Instant Noodle Maker, Steaming idlis, Momos |Inner Stainless Steel without joint and welding & Cool Touch Outer Body",,2,51,4,Home & Kitchen
B00935MD1C,https://www.amazon.in/dp/B00935MD1C?th=1&psc=1&language=en_IN,Prestige 1.8 Litres Electric Rice Cooker PRWO 1.8-2| 2 Aluminium Cooking Pans | Stainless Steel Lid | Grey/White | Cool Touch Handles | Detachable Power Cord | 700- Watt,,3,35,4,Home & Kitchen
B0912WJ87V,https://www.amazon.in/dp/B0912WJ87V?th=1&psc=1&language=en_IN,Reffair AX30 [MAX] Air Purifier for Car & Home | 3rd Gen - Type-C Cable | Plasma Ions Function | H13 True HEPA Filter | Aromatherapy (Black),,4,39,4,Car & Motorbike
B094G9L9LT,https://www.amazon.in/dp/B094G9L9LT?th=1&psc=1&language=en_IN,"Kent Vogue 1.8Litre Electric Kettle(Stainless steel), Silver, MEDIUM (16088)",,,,4,Home & Kitchen
B07NRTCDS5,https://www.amazon.in/dp/B07NRTCDS5?th=1&psc=1&language=en_IN,"Brayden Fito Atom Portable Blender | Smoothie, Milk Shake, Protien Shake And Fresh Juice | Handy Travel Juicer | 2000 Mah Rechargeable Battery | 3.7V Copper Motor | 400Ml Tritan Jar (Blue), 35 Watt",,,,4,Home & Kitchen
B009DA69W6,https://www.amazon.in/dp/B009DA69W6?th=1&psc=1&language=en_IN,KENT Gold Optima Gravity Water Purifier (11016) | UF Technology Based | Non-Electric & Chemical Free | Counter Top | 10L Storage | White,,2,13,4,Home & Kitchen
B099PR2GQJ,https://www.amazon.in/dp/B099PR2GQJ?th=1&psc=1&language=en_IN,,,,,0,
B09R83SFYV,https://www.amazon.in/dp/B09R83SFYV?th=1&psc=1&language=en_IN,"Akiara - Makes life easy Mini Sewing Machine with Table Set | Tailoring Machine | Hand Sewing Machine with extension table, foot pedal, adapter, White",,2,38,4,Home & Kitchen
B07989VV5K,https://www.amazon.in/dp/B07989VV5K?th=1&psc=1&language=en_IN,Usha 3713 1300Watt Steam Iron with Self Cleaning Function | Teflon Coated Soleplate | Powerful Steam Output upto18gm/min | 180ml Water Tank Capacity | 2 Years Warranty | (Blue & White),949,1,39,4,Home & Kitchen
B07FL3WRX5,https://www.amazon.in/dp/B07FL3WRX5?th=1&psc=1&language=en_IN,"Wonderchef Nutri Blend Complete Kitchen Machine, Mixer Grinder, Blender, Chopper, Juicer, Stainless Steel Blades, 4 Jars with chopper, 500 Watts, Black, Online Recipe Book By Chef Sanjeev Kapoor",,6,51,4,Home & Kitchen
B0BNQMF152,https://www.amazon.in/dp/B0BNQMF152?th=1&psc=1&language=en_IN,"ROYAL STEP Portable Electric USB Juice Maker Juicer Bottle Blender Grinder Mixer,6 Blades Rechargeable Bottle with (MULTII) (MULTI COLOUR 6 BLED JUICER MIXER)",,,,3,Home & Kitchen
B0B84KSH3X,https://www.amazon.in/dp/B0B84KSH3X?th=1&psc=1&language=en_IN,Wipro Vesta GD203 1200 watts Heavyweight Automatic Plastic Dry Iron| Quick Heat Up| Anti bacterial German Weilburger Double Coated Black Soleplate |2 Years Warranty,,,,4,Home & Kitchen
B07W4HTS8Q,https://www.amazon.in/dp/B07W4HTS8Q?th=1&psc=1&language=en_IN,"ACTIVA Instant 3 Ltr 3 Kva Special Anti Rust Coated 0.7 Mm Ss Tank Wall Mount Geyser,Full Abs Body Premium(White)Come With 5 Years Warranty",,3,35,4,Home & Kitchen
B098T9CJVQ,https://www.amazon.in/dp/B098T9CJVQ?th=1&psc=1&language=en_IN,,,,,0,
B071R3LHFM,https://www.amazon.in/dp/B071R3LHFM?th=1&psc=1&language=en_IN,"Wonderchef Nutri-blend Juicer, Mixer, Grinder, Blender & Smoothie Maker|500W 22000 RPM 100% Full Copper Motor | Stainless steel Blades | 3 unbreakable jars | Recipe book by Chef Sanjeev Kapoor | Black",,6,55,4,Home & Kitchen
B07WVQG8WZ,https://www.amazon.in/dp/B07WVQG8WZ?th=1&psc=1&language=en_IN,"Black+Decker Steam Iron | 2 Years Warranty | Garment Steamer for Clothes, 1500-Watt, 260ml Water Tank, Steamer for Ironing Clothes, Steam Press for Clothes, Handheld Portable Garment Steamer (Violet)",,4,48,4,Home & Kitchen
B0814LP6S9,https://www.amazon.in/dp/B0814LP6S9?th=1&psc=1&language=en_IN,"PrettyKrafts 75 LTR Laundry Basket for Clothes with Lid | Laundry Bag Foldable | Laundry Bag for Clothes | Clothes Basket | Basket for Clothes Storage | Toy Storage Basket (36x36x53cm, Grey)",348,1,68,4,Home & Kitchen
B0836JGZ74,https://www.amazon.in/dp/B0836JGZ74?th=1&psc=1&language=en_IN,,,,,0,
B08CNLYKW5,https://www.amazon.in/dp/B08CNLYKW5?th=1&psc=1&language=en_IN,"Lifelong Power - Pro 500 Watt 3 Jar Mixer Grinder with 3 Speed Control and 1100 Watt Dry Non-Stick soleplate Iron Super Combo (White and Grey, 1 Year Warranty)",,,,4,Home & Kitchen
B078XFKBZL,https://www.amazon.in/dp/B078XFKBZL?th=1&psc=1&language=en_IN,"Prestige Clean Home Water Purifier Cartridge, Activated Carbon, White",,,,4,Home & Kitchen
B0B935YNR7,https://www.amazon.in/dp/B0B935YNR7?th=1&psc=1&language=en_IN,"KENT Electric Chopper-B for Kitchen 250 Watt | Chop, Mince, Puree, Whisk, 400 ml Capacity | Stainless Steel Double Chopping Blades | Transparent Chopping Bowl | Anti-Skid | One Touch Operation | Black",,2,58,3,Home & Kitchen
B09H34V36W,https://www.amazon.in/dp/B09H34V36W?th=1&psc=1&language=en_IN,"Inalsa Electric Fan Heater Hotty - 2000 Watts Variable Temperature Control Cool/Warm/Hot Air Selector | Over Heat Protection | ISI Certification, White",850,2,66,4,Home & Kitchen
B0BHYLCL19,https://www.amazon.in/dp/B0BHYLCL19?th=1&psc=1&language=en_IN,AVNISH Tap Water Purifier Filter Faucet 6 Layer Carbon Activated Dust Chlorine Remover Water Softener for Drinking Cartridge Alkaline Taps for Kitchen Sink Bathroom Wash Basin (6-Layer Filtration),,,,3,Home & Kitchen
B081B1JL35,https://www.amazon.in/dp/B081B1JL35?th=1&psc=1&language=en_IN,"CSI INTERNATIONAL Instant Water Geyser, 1 L Portable Water Heater, Made Of First Class Abs Plastic 3Kw, Auto Cut Off Feature (Red)",,2,58,4,Home & Kitchen
B09VL9KFDB,https://www.amazon.in/dp/B09VL9KFDB?th=1&psc=1&language=en_IN,"Havells Gatik Neo 400mm Oscillating Pedestal Fan | Upto 2 hours timer, auto OFF, Elegant look, 4 speed control | High Air Delivery | Aesthetic Design, Telescopic Arrangement | (Pack of 1, White Blue)",,,,4,Home & Kitchen
B0B84QN4CN,https://www.amazon.in/dp/B0B84QN4CN?th=1&psc=1&language=en_IN,Wipro Vesta GD201 1200 Watt Lightweight Automatic Dry Iron| Quick Heat Up| Stylish & Sleek |Anti bacterial German Weilburger Double Coated Soleplate |2 Years Warranty,,,,3,Home & Kitchen
B09SDDQQKP,https://www.amazon.in/dp/B09SDDQQKP?th=1&psc=1&language=en_IN,"INALSA Vacuum Cleaner for Home Handheld 800 W High Powerful Motor with HEPA Filtration & Strong Powerful 16KPA Suction|Lightweight, Compact & Durable Body|Includes Multiple Accessories-Dura Clean",,3,45,4,Home & Kitchen
B08CGW4GYR,https://www.amazon.in/dp/B08CGW4GYR?th=1&psc=1&language=en_IN,"MESOCO Milk Frother, Immersion Blender Cordlesss Foam Maker USB Rechargeable Small Mixer Handheld with 2 Stainless Whisks, Stirring 3-Speed Adjustable Mini Frother for Cappuccino, Latte, Coffee, Egg",,,,4,Home & Kitchen
B0BNLFQDG2,https://www.amazon.in/dp/B0BNLFQDG2?th=1&psc=1&language=en_IN,"Longway Blaze 2 Rod Quartz Room Heater (White, Gray, 800 watts)",898,2,59,4,Home & Kitchen
B082ZQ4479,https://www.amazon.in/dp/B082ZQ4479?th=1&psc=1&language=en_IN,"Prestige PWG 07 Wet Grinder, 2L (Multicolor) with Coconut Scraper and Atta Kneader Attachments, 200 Watt",,6,30,4,Home & Kitchen
B09VPH38JS,https://www.amazon.in/dp/B09VPH38JS?th=1&psc=1&language=en_IN,"Saleon Instant Coal Heater 500W Charcoal Burner Hot Plate For Coal Heater, Hookah Coal Burner For Home, Electric Burner Stove,Coil Stove - Mix Colors -",739,1,51,4,Home & Kitchen
B07LG96SDB,https://www.amazon.in/dp/B07LG96SDB?th=1&psc=1&language=en_IN,ESN 999 Supreme Quality 1500W Immersion Water Heater Rod (Black),,,,4,Home & Kitchen
B07Y1RCCW5,https://www.amazon.in/dp/B07Y1RCCW5?th=1&psc=1&language=en_IN,"ZIGMA WinoteK WinoteK Sun Instant Water Geyser, Water Heater, Portable Water Heater, Geysers Made of First Class ABS Plastic, automatic Reset Model, AE10-3 W (Yellow)",,,,4,Home & Kitchen
B07TTSS5MP,https://www.amazon.in/dp/B07TTSS5MP?th=1&psc=1&language=en_IN,Lifelong LLMG74 750 Watt Mixer Grinder with 3 Jars (White and Grey),,,,4,Home & Kitchen
B0BL3R4RGS,https://www.amazon.in/dp/B0BL3R4RGS?th=1&psc=1&language=en_IN,"VAPJA Portable Mini Juicer Cup Blender USB Rechargeable with 4 Blades for Shakes and Smoothies Fruits Vegetables Juice Maker Grinder Mixer Strong Cutting (BOTTLE) in built jar, Multicolour",,,,2,Home & Kitchen
B07J2BQZD6,https://www.amazon.in/dp/B07J2BQZD6?th=1&psc=1&language=en_IN,Kuber Industries Nylon Mesh Laundry Basket,159,399,60,4,Home & Kitchen
B086199CWG,https://www.amazon.in/dp/B086199CWG?th=1&psc=1&language=en_IN,Maharaja Whiteline Odacio Plus 550-Watt Juicer Mixer Grinder With 3 Versatile Jars | Food Grade Safe | 2 year warranty (Black & Silver),,5,41,4,Home & Kitchen
B0B59K1C8F,https://www.amazon.in/dp/B0B59K1C8F?th=1&psc=1&language=en_IN,"Wolpin 1 Lint Roller with 60 Sheets Remove Clothes Lint Dog Hair Dust (19 x 13 cm) Orange, Plastic",178,799,78,4,Home & Kitchen
B09HS1NDRQ,https://www.amazon.in/dp/B09HS1NDRQ?th=1&psc=1&language=en_IN,"PrettyKrafts 75 LTR Laundry Basket for Clothes with Lid | Laundry Bag Foldable | Laundry Bag for Clothes | Clothes Basket | Basket for Clothes Storage | Toy Storage Basket (40x35x53cm, Grey)",449,799,44,4,Home & Kitchen
B0BDZWMGZ1,https://www.amazon.in/dp/B0BDZWMGZ1?th=1&psc=1&language=en_IN,"ACTIVA Easy Mix Nutri 2 Jar Mixer Grinder for Smoothies, Chutney & Shakes, Long Lasting Shock Proof Abs Body, Powerful 500 Watt Heavy Duty Motor With Nano Grinding Technology, 2 Years warranty-Black",,2,56,4,Home & Kitchen
B09WF4Q7B3,https://www.amazon.in/dp/B09WF4Q7B3?th=1&psc=1&language=en_IN,Wipro Vesta1380 Watt Cordless Steam Iron|Scratch Resistant Ceramic Soleplate|Vertical & Horizontal Steaming|Spray & Steamer Function|20Gm/Min Steam|Machine .8G/ Steam Shot|Auto Clean Tech - 1380 Watts,,,,4,Home & Kitchen
B0B97D658R,https://www.amazon.in/dp/B0B97D658R?th=1&psc=1&language=en_IN,,,,,0,
B09LMMFW3S,https://www.amazon.in/dp/B09LMMFW3S?th=1&psc=1&language=en_IN,"Graidient span Milk/Coffee Frothier for Your Milk, (Cold and hot Drinks, Black)",175,299,41,4,Home & Kitchen
B07K19NYZ8,https://www.amazon.in/dp/B07K19NYZ8?th=1&psc=1&language=en_IN,"USHA HC 812 T Heat Convector , Heater (Black, 2000 Watts)",,,,4,Home & Kitchen
B07J9KXQCC,https://www.amazon.in/dp/B07J9KXQCC?th=1&psc=1&language=en_IN,,,,,0,
B009P2LIL4,https://www.amazon.in/dp/B009P2LIL4?th=1&psc=1&language=en_IN,Bajaj Majesty Rx10 Room Heater For Home|2 Heat Settings 1000W/2000 Watts|Triple Safety Assurance|Adjustable Thermostat|Two Way Installation|Heat Convector Room Heater|2-Yr Warranty |White,,,,4,Home & Kitchen
